point_number,point_type,x,y,yaw
1,map->robot,-4.997954141361927,13.013609595944747,-177.9170960228399
